{"cameraMode":{"drawMode":0,"name":"Shaded","section":"Shading Mode"},"sceneLighting":true,"audioPlay":false,"sceneViewState":{"m_AlwaysRefresh":false,"showFog":true,"showSkybox":true,"showFlares":true,"showImageEffects":true,"showParticleSystems":true,"showVisualEffectGraphs":true,"m_FxEnabled":true},"in2DMode":false,"pivot":{"x":1.6493337154388428,"y":2.5808358192443849,"z":9.055770874023438},"rotation":{"x":-0.004225828684866428,"y":0.9939311742782593,"z":-0.03726360201835632,"w":-0.10623744130134583},"size":0.888495147228241,"orthographic":false}