{"cameraMode":{"drawMode":0,"name":"Shaded","section":"Shading Mode"},"sceneLighting":true,"audioPlay":false,"sceneViewState":{"m_AlwaysRefresh":false,"showFog":true,"showSkybox":true,"showFlares":true,"showImageEffects":true,"showParticleSystems":true,"showVisualEffectGraphs":true,"m_FxEnabled":true},"in2DMode":false,"pivot":{"x":-0.9608017802238464,"y":0.43341073393821719,"z":-1.2803246974945069},"rotation":{"x":0.09074240177869797,"y":-0.875573456287384,"z":0.1811346858739853,"w":0.43860727548599245},"size":1.0071067810058594,"orthographic":false}