{"cameraMode":{"drawMode":0,"name":"Shaded","section":"Shading Mode"},"sceneLighting":true,"audioPlay":false,"sceneViewState":{"m_AlwaysRefresh":false,"showFog":true,"showSkybox":true,"showFlares":true,"showImageEffects":true,"showParticleSystems":true,"showVisualEffectGraphs":true,"m_FxEnabled":true},"in2DMode":false,"pivot":{"x":-3.3348729610443117,"y":1.996416687965393,"z":3.0018081665039064},"rotation":{"x":-0.05372890457510948,"y":-0.9444778561592102,"z":-0.18780387938022614,"w":0.26615890860557558},"size":0.21239806711673737,"orthographic":false}